"FishID","LiftID","Lake","Agency","SpeciesName","SpeciesNumber","SpeciesAbbrev","MeshSizemm","Length(mm)","Weight(g)","R/D","Age","AgeStructure","SexAgency","MaturityAgency","FinClipAgency","CWTAgency","A1-A3","A1","A2","A3","A4","B1","B2","B3","B4"
"OMNR_LOA_IA25_NSA_10_317_1","OMNR_LOA_IA25_NSA_10","Ontario","OMNR","Largemouth bass",317,"",1,187,103.78,"D","","2","M","1",NA,NA,0,0,0,0,0,0,0,0,0
"OMNR_LOA_IA25_NSA_10_317_2","OMNR_LOA_IA25_NSA_10","Ontario","OMNR","Largemouth bass",317,"",1,170,71.16,"D","","2","M","1",NA,NA,0,0,0,0,0,0,0,0,0
"OMNR_LOA_IA25_NSA_10_317_3","OMNR_LOA_IA25_NSA_10","Ontario","OMNR","Largemouth bass",317,"",1,202,124.4,"D","","2","F","2",NA,NA,0,0,0,0,0,0,0,0,0
"OMNR_LOA_IA25_NSA_10_317_4","OMNR_LOA_IA25_NSA_10","Ontario","OMNR","Largemouth bass",317,"",1,180,98.76,"D","","2","M","2",NA,NA,0,0,0,0,0,0,0,0,0
"OMNR_LOA_IA25_NSA_11_317_1","OMNR_LOA_IA25_NSA_11","Ontario","OMNR","Largemouth bass",317,"",1,189,95.56,"D","","2","F","1",NA,NA,0,0,0,0,0,0,0,0,0
"OMNR_LOA_IA25_NSA_12_131_1","OMNR_LOA_IA25_NSA_12","Ontario","OMNR","Northern pike",131,"",1,765,3195.66,"D","","28D","F","2",NA,NA,0,0,0,0,0,0,0,0,0
"OMNR_LOA_IA25_NSA_12_316_1","OMNR_LOA_IA25_NSA_12","Ontario","OMNR","Smallmouth bass",316,"",1,273,307.77,"D","","2","F","2",NA,NA,0,0,0,0,0,0,0,0,0
"OMNR_LOA_IA25_NSA_12_316_2","OMNR_LOA_IA25_NSA_12","Ontario","OMNR","Smallmouth bass",316,"",1,332,558.27,"D","","2","F","2",NA,NA,0,0,0,0,0,0,0,0,0
"OMNR_LOA_IA25_NSA_12_317_1","OMNR_LOA_IA25_NSA_12","Ontario","OMNR","Largemouth bass",317,"",1,225,174.24,"D","","2","F","2",NA,NA,0,0,0,0,0,0,0,0,0
"OMNR_LOA_IA25_NSA_12_317_2","OMNR_LOA_IA25_NSA_12","Ontario","OMNR","Largemouth bass",317,"",1,216,158.64,"D","","2","M","2",NA,NA,0,0,0,0,0,0,0,0,0
"OMNR_LOA_IA25_NSA_12_317_3","OMNR_LOA_IA25_NSA_12","Ontario","OMNR","Largemouth bass",317,"",1,205,122.03,"D","","2","M","1",NA,NA,0,0,0,0,0,0,0,0,0
"OMNR_LOA_IA25_NSA_13_131_1","OMNR_LOA_IA25_NSA_13","Ontario","OMNR","Northern pike",131,"",1,798,3034.64,"D","","28D","F","2",NA,NA,0,0,0,0,0,0,0,0,0
"OMNR_LOA_IA25_NSA_13_316_1","OMNR_LOA_IA25_NSA_13","Ontario","OMNR","Smallmouth bass",316,"",1,424,1348.94,"D","","2","M","2",NA,NA,0,0,0,0,0,0,0,0,0
"OMNR_LOA_IA25_NSA_13_317_1","OMNR_LOA_IA25_NSA_13","Ontario","OMNR","Largemouth bass",317,"",1,198,106.82,"D","","2","M","1",NA,NA,0,0,0,0,0,0,0,0,0
"OMNR_LOA_IA25_NSA_13_317_2","OMNR_LOA_IA25_NSA_13","Ontario","OMNR","Largemouth bass",317,"",1,240,210.88,"D","","2","M","1",NA,NA,0,0,0,0,0,0,0,0,0
"OMNR_LOA_IA25_NSA_14_131_2","OMNR_LOA_IA25_NSA_14","Ontario","OMNR","Northern pike",131,"",1,698,2484.08,"D","","28D","F","2",NA,NA,0,0,0,0,0,0,0,0,0
"OMNR_LOA_IA25_NSA_14_316_1","OMNR_LOA_IA25_NSA_14","Ontario","OMNR","Smallmouth bass",316,"",1,473,2190.22,"D","","2","F","2",NA,NA,0,0,0,0,0,0,0,0,0
"OMNR_LOA_IA25_NSA_14_317_1","OMNR_LOA_IA25_NSA_14","Ontario","OMNR","Largemouth bass",317,"",1,442,1292.89,"D","","2","M","2",NA,NA,0,0,0,0,0,0,0,0,0
"OMNR_LOA_IA25_NSA_15_131_1","OMNR_LOA_IA25_NSA_15","Ontario","OMNR","Northern pike",131,"",1,633,1653.96,"D","","28D","M","2",NA,NA,0,0,0,0,0,0,0,0,0
"OMNR_LOA_IA25_NSA_15_131_2","OMNR_LOA_IA25_NSA_15","Ontario","OMNR","Northern pike",131,"",1,575,1264.36,"D","","28D","M","2",NA,NA,0,0,0,0,0,0,0,0,0
"OMNR_LOA_IA25_NSA_15_131_3","OMNR_LOA_IA25_NSA_15","Ontario","OMNR","Northern pike",131,"",1,610,1474.25,"D","","28D","M","2",NA,NA,0,0,0,0,0,0,0,0,0
"OMNR_LOA_IA25_NSA_15_316_1","OMNR_LOA_IA25_NSA_15","Ontario","OMNR","Smallmouth bass",316,"",1,302,395.73,"D","","2","F","2",NA,NA,0,0,0,0,0,0,0,0,0
"OMNR_LOA_IA25_NSA_16_131_2","OMNR_LOA_IA25_NSA_16","Ontario","OMNR","Northern pike",131,"",1,683,2030,"D","","8",NA,NA,NA,NA,0,0,0,0,0,0,0,0,0
"OMNR_LOA_IA25_NSA_16_131_3","OMNR_LOA_IA25_NSA_16","Ontario","OMNR","Northern pike",131,"",1,825,3779.99,"D","","28D","F","2",NA,NA,0,0,0,0,0,0,0,0,0
"OMNR_LOA_IA25_NSA_16_131_4","OMNR_LOA_IA25_NSA_16","Ontario","OMNR","Northern pike",131,"",1,740,2611.37,"D","","28D","F","2",NA,NA,0,0,0,0,0,0,0,0,0
"OMNR_LOA_IA25_NSA_16_316_1","OMNR_LOA_IA25_NSA_16","Ontario","OMNR","Smallmouth bass",316,"",1,436,1413.97,"D","","2","F","2",NA,NA,0,0,0,0,0,0,0,0,0
"OMNR_LOA_IA25_NSA_16_317_1","OMNR_LOA_IA25_NSA_16","Ontario","OMNR","Largemouth bass",317,"",1,215,153.66,"D","","2","F","2",NA,NA,0,0,0,0,0,0,0,0,0
"OMNR_LOA_IA25_NSA_17_131_1","OMNR_LOA_IA25_NSA_17","Ontario","OMNR","Northern pike",131,"",1,855,4123.53,"D","","28D","F","2",NA,NA,0,0,0,0,0,0,0,0,0
"OMNR_LOA_IA25_NSA_18_131_3","OMNR_LOA_IA25_NSA_18","Ontario","OMNR","Northern pike",131,"",1,795,2986.36,"D","","28D","F","2",NA,NA,0,0,0,0,0,0,0,0,0
"OMNR_LOA_IA25_NSA_18_131_4","OMNR_LOA_IA25_NSA_18","Ontario","OMNR","Northern pike",131,"",1,779,2837.75,"D","","28D","F","2",NA,NA,0,0,0,0,0,0,0,0,0
"OMNR_LOA_IA25_NSA_18_317_1","OMNR_LOA_IA25_NSA_18","Ontario","OMNR","Largemouth bass",317,"",1,202,120.05,"D","","2","M","1",NA,NA,0,0,0,0,0,0,0,0,0
"OMNR_LOA_IA25_NSA_18_317_2","OMNR_LOA_IA25_NSA_18","Ontario","OMNR","Largemouth bass",317,"",1,207,139.86,"D","","2","F","2",NA,NA,0,0,0,0,0,0,0,0,0
"OMNR_LOA_IA25_NSA_18_317_3","OMNR_LOA_IA25_NSA_18","Ontario","OMNR","Largemouth bass",317,"",1,188,97.68,"D","","2","F","2",NA,NA,0,0,0,0,0,0,0,0,0
"OMNR_LOA_IA25_NSA_19_131_1","OMNR_LOA_IA25_NSA_19","Ontario","OMNR","Northern pike",131,"",1,719.42725,1980,"D","","8",NA,NA,NA,NA,1,1,0,0,0,0,0,0,0
"OMNR_LOA_IA25_NSA_19_131_2","OMNR_LOA_IA25_NSA_19","Ontario","OMNR","Northern pike",131,"",1,832,3521.03,"D","","2D","F","2",NA,NA,0,0,0,0,0,0,0,0,0
"OMNR_LOA_IA25_NSA_19_317_1","OMNR_LOA_IA25_NSA_19","Ontario","OMNR","Largemouth bass",317,"",1,200,122.43,"D","","2","F","1",NA,NA,0,0,0,0,0,0,0,0,0
"OMNR_LOA_IA25_NSA_19_317_2","OMNR_LOA_IA25_NSA_19","Ontario","OMNR","Largemouth bass",317,"",1,170,73.79,"D","","2","F","1",NA,NA,0,0,0,0,0,0,0,0,0
"OMNR_LOA_IA25_NSA_19_317_3","OMNR_LOA_IA25_NSA_19","Ontario","OMNR","Largemouth bass",317,"",1,156,60.76,"D","","2","M","1",NA,NA,0,0,0,0,0,0,0,0,0
"OMNR_LOA_IA25_NSA_19_317_4","OMNR_LOA_IA25_NSA_19","Ontario","OMNR","Largemouth bass",317,"",1,172,75.44,"D","","2","M","1",NA,NA,0,0,0,0,0,0,0,0,0
"OMNR_LOA_IA25_NSA_2_131_1","OMNR_LOA_IA25_NSA_2","Ontario","OMNR","Northern pike",131,"",1,881,5051.79,"D","","28D","F","2",NA,NA,0,0,0,0,0,0,0,0,0
"OMNR_LOA_IA25_NSA_2_316_1","OMNR_LOA_IA25_NSA_2","Ontario","OMNR","Smallmouth bass",316,"",1,264,263.2,"D","","2","M","1",NA,NA,0,0,0,0,0,0,0,0,0
"OMNR_LOA_IA25_NSA_20_131_1","OMNR_LOA_IA25_NSA_20","Ontario","OMNR","Northern pike",131,"",1,814,3041.7,"D","","28D","F","2",NA,NA,0,0,0,0,0,0,0,0,0
"OMNR_LOA_IA25_NSA_20_131_2","OMNR_LOA_IA25_NSA_20","Ontario","OMNR","Northern pike",131,"",1,835,3324.33,"D","","28D","F","2",NA,NA,0,0,0,0,0,0,0,0,0
"OMNR_LOA_IA25_NSA_20_317_1","OMNR_LOA_IA25_NSA_20","Ontario","OMNR","Largemouth bass",317,"",1,223,174.47,"D","","2","M","2",NA,NA,0,0,0,0,0,0,0,0,0
"OMNR_LOA_IA25_NSA_20_317_2","OMNR_LOA_IA25_NSA_20","Ontario","OMNR","Largemouth bass",317,"",1,177,71.76,"D","","2","F","2",NA,NA,0,0,0,0,0,0,0,0,0
"OMNR_LOA_IA25_NSA_20_317_3","OMNR_LOA_IA25_NSA_20","Ontario","OMNR","Largemouth bass",317,"",1,182,87.26,"D","","2","M","1",NA,NA,0,0,0,0,0,0,0,0,0
"OMNR_LOA_IA25_NSA_20_317_4","OMNR_LOA_IA25_NSA_20","Ontario","OMNR","Largemouth bass",317,"",1,174,75.34,"D","","2","M","1",NA,NA,0,0,0,0,0,0,0,0,0
"OMNR_LOA_IA25_NSA_22_131_2","OMNR_LOA_IA25_NSA_22","Ontario","OMNR","Northern pike",131,"",1,750,2321.84,"D","","28D","F","2",NA,NA,0,0,0,0,0,0,0,0,0
"OMNR_LOA_IA25_NSA_22_131_3","OMNR_LOA_IA25_NSA_22","Ontario","OMNR","Northern pike",131,"",1,760,3136.55,"D","","28D","F","2",NA,NA,0,0,0,0,0,0,0,0,0
"OMNR_LOA_IA25_NSA_22_131_4","OMNR_LOA_IA25_NSA_22","Ontario","OMNR","Northern pike",131,"",1,793,3547.84,"D","","28D","F","2",NA,NA,0,0,0,0,0,0,0,0,0
"OMNR_LOA_IA25_NSA_22_316_1","OMNR_LOA_IA25_NSA_22","Ontario","OMNR","Smallmouth bass",316,"",1,286,347.1,"D","","2","F","1",NA,NA,0,0,0,0,0,0,0,0,0
"OMNR_LOA_IA25_NSA_23_131_1","OMNR_LOA_IA25_NSA_23","Ontario","OMNR","Northern pike",131,"",1,562.98025,1150,"D","","8",NA,NA,NA,NA,0,0,0,0,0,0,0,0,0
"OMNR_LOA_IA25_NSA_23_131_2","OMNR_LOA_IA25_NSA_23","Ontario","OMNR","Northern pike",131,"",1,583.83985,1150,"D","","8",NA,NA,NA,NA,0,0,0,0,0,0,0,0,0
"OMNR_LOA_IA25_NSA_23_131_3","OMNR_LOA_IA25_NSA_23","Ontario","OMNR","Northern pike",131,"",1,677.70805,2060,"D","","8",NA,NA,NA,NA,0,0,0,0,0,0,0,0,0
"OMNR_LOA_IA25_NSA_23_131_4","OMNR_LOA_IA25_NSA_23","Ontario","OMNR","Northern pike",131,"",1,688.13785,1960,"D","","8",NA,NA,NA,NA,0,0,0,0,0,0,0,0,0
"OMNR_LOA_IA25_NSA_23_131_5","OMNR_LOA_IA25_NSA_23","Ontario","OMNR","Northern pike",131,"",1,708.99745,2380,"D","","8",NA,NA,NA,NA,0,0,0,0,0,0,0,0,0
"OMNR_LOA_IA25_NSA_23_131_6","OMNR_LOA_IA25_NSA_23","Ontario","OMNR","Northern pike",131,"",1,784,3158.1,"D","","28D","F","2",NA,NA,0,0,0,0,0,0,0,0,0
"OMNR_LOA_IA25_NSA_23_131_7","OMNR_LOA_IA25_NSA_23","Ontario","OMNR","Northern pike",131,"",1,909,5244.36,"D","","28D","F","2",NA,NA,0,0,0,0,0,0,0,0,0
"OMNR_LOA_IA25_NSA_23_131_8","OMNR_LOA_IA25_NSA_23","Ontario","OMNR","Northern pike",131,"",1,743,2561.96,"D","","28D","F","2",NA,NA,0,0,0,0,0,0,0,1,0
"OMNR_LOA_IA25_NSA_23_316_1","OMNR_LOA_IA25_NSA_23","Ontario","OMNR","Smallmouth bass",316,"",1,378,838.6,"D","","2","M","2",NA,NA,0,0,0,0,0,0,0,0,0
"OMNR_LOA_IA25_NSA_24_316_1","OMNR_LOA_IA25_NSA_24","Ontario","OMNR","Smallmouth bass",316,"",1,499,2038.48,"D","","2","M","2",NA,NA,0,0,0,0,0,0,0,0,0
"OMNR_LOA_IA25_NSA_3_316_1","OMNR_LOA_IA25_NSA_3","Ontario","OMNR","Smallmouth bass",316,"",1,246,256.2,"D","","2","M","2",NA,NA,0,0,0,0,0,0,0,0,0
"OMNR_LOA_IA25_NSA_5_131_1","OMNR_LOA_IA25_NSA_5","Ontario","OMNR","Northern pike",131,"",1,830,3473.19,"D","","28D","F","2",NA,NA,0,0,0,0,0,0,0,0,0
"OMNR_LOA_IA25_NSA_6_131_1","OMNR_LOA_IA25_NSA_6","Ontario","OMNR","Northern pike",131,"",1,689,1780,"D","","8",NA,NA,NA,NA,0,0,0,0,0,0,0,0,0
"OMNR_LOA_IA25_NSA_6_317_1","OMNR_LOA_IA25_NSA_6","Ontario","OMNR","Largemouth bass",317,"",1,195,117.05,"D","","2","F","1",NA,NA,0,0,0,0,0,0,0,0,0
"OMNR_LOA_IA25_NSA_6_317_2","OMNR_LOA_IA25_NSA_6","Ontario","OMNR","Largemouth bass",317,"",1,172,84.39,"D","","2","F","1",NA,NA,0,0,0,0,0,0,0,0,0
"OMNR_LOA_IA25_NSA_7_317_1","OMNR_LOA_IA25_NSA_7","Ontario","OMNR","Largemouth bass",317,"",1,197,111.69,"D","","2","M","1",NA,NA,0,0,0,0,0,0,0,0,0
"OMNR_LOA_IA25_NSA_8_317_1","OMNR_LOA_IA25_NSA_8","Ontario","OMNR","Largemouth bass",317,"",1,177,82.79,"D","","2","F","1",NA,NA,0,0,0,0,0,0,0,0,0
"OMNR_LOA_IA25_NSA_8_317_2","OMNR_LOA_IA25_NSA_8","Ontario","OMNR","Largemouth bass",317,"",1,201,125.7,"D","","2","M","1",NA,NA,0,0,0,0,0,0,0,0,0
"OMNR_LOA_IA25_NSA_8_317_3","OMNR_LOA_IA25_NSA_8","Ontario","OMNR","Largemouth bass",317,"",1,207,129.47,"D","","2","F","1",NA,NA,0,0,0,0,0,0,0,0,0
"OMNR_LOA_IA25_NSA_9_316_1","OMNR_LOA_IA25_NSA_9","Ontario","OMNR","Smallmouth bass",316,"",1,456,1695.91,"D","","2","M","2",NA,NA,0,0,0,0,0,0,0,0,0
"OMNR_LOA_IA25_NSA_9_316_2","OMNR_LOA_IA25_NSA_9","Ontario","OMNR","Smallmouth bass",316,"",1,448,1666.15,"D","","2","F","2",NA,NA,0,0,0,0,0,0,0,0,0
"OMNR_LOA_IA25_NSA_9_316_3","OMNR_LOA_IA25_NSA_9","Ontario","OMNR","Smallmouth bass",316,"",1,466,1848.7,"D","","2","F","2",NA,NA,0,0,0,0,0,0,0,0,0
"OMNR_LOA_IA25_NSA_9_316_4","OMNR_LOA_IA25_NSA_9","Ontario","OMNR","Smallmouth bass",316,"",1,453,2022.96,"D","","2","F","2",NA,NA,0,0,0,0,0,0,0,0,0
"OMNR_LOA_IA25_NSA_9_316_5","OMNR_LOA_IA25_NSA_9","Ontario","OMNR","Smallmouth bass",316,"",1,460,1864.33,"D","","2","F","2",NA,NA,0,0,0,0,0,0,0,0,0
"OMNR_LOA_IA25_NSA_9_317_1","OMNR_LOA_IA25_NSA_9","Ontario","OMNR","Largemouth bass",317,"",1,219,181.15,"D","","2","F","2",NA,NA,0,0,0,0,0,0,0,0,0
"OMNR_LOA_IA25_NSA_9_317_2","OMNR_LOA_IA25_NSA_9","Ontario","OMNR","Largemouth bass",317,"",1,219,157.06,"D","","2","F","1",NA,NA,0,0,0,0,0,0,0,0,0
"OMNR_LOA_IA25_NSA_9_317_3","OMNR_LOA_IA25_NSA_9","Ontario","OMNR","Largemouth bass",317,"",1,186,89.01,"D","","2","F","1",NA,NA,0,0,0,0,0,0,0,0,0
"OMNR_LOA_IA25_NSE_1_317_1","OMNR_LOA_IA25_NSE_1","Ontario","OMNR","Largemouth bass",317,"",1,380,860.96,"D","","2","F","2",NA,NA,0,0,0,0,0,0,0,0,0
"OMNR_LOA_IA25_NSE_1_317_2","OMNR_LOA_IA25_NSE_1","Ontario","OMNR","Largemouth bass",317,"",1,310,454.91,"D","","2","M","2",NA,NA,0,0,0,0,0,0,0,0,0
"OMNR_LOA_IA25_NSE_1_317_3","OMNR_LOA_IA25_NSE_1","Ontario","OMNR","Largemouth bass",317,"",1,177,76.16,"D","","2","M","1",NA,NA,0,0,0,0,0,0,0,0,0
"OMNR_LOA_IA25_NSE_1_334_1","OMNR_LOA_IA25_NSE_1","Ontario","OMNR","Walleye",334,"",1,476,922.56,"D","","2A","F","2",NA,NA,0,0,0,0,0,0,0,0,0
"OMNR_LOA_IA25_NSE_1_334_2","OMNR_LOA_IA25_NSE_1","Ontario","OMNR","Walleye",334,"",1,416,634.08,"D","","2A","F","1",NA,NA,0,0,0,0,0,0,0,0,0
"OMNR_LOA_IA25_NSE_1_334_3","OMNR_LOA_IA25_NSE_1","Ontario","OMNR","Walleye",334,"",1,223,88.38,"D","","2A","M","1",NA,NA,0,0,0,0,0,0,0,0,0
"OMNR_LOA_IA25_NSE_10_131_1","OMNR_LOA_IA25_NSE_10","Ontario","OMNR","Northern pike",131,"",1,445,527.69,"D","","28D","M","2",NA,NA,0,0,0,0,0,0,0,0,0
"OMNR_LOA_IA25_NSE_10_334_1","OMNR_LOA_IA25_NSE_10","Ontario","OMNR","Walleye",334,"",1,539,1132.42,"D","","2A","F","2",NA,NA,0,0,0,0,0,0,0,0,0
"OMNR_LOA_IA25_NSE_11_317_1","OMNR_LOA_IA25_NSE_11","Ontario","OMNR","Largemouth bass",317,"",1,204,123.79,"D","","2","F","1",NA,NA,0,0,0,0,0,0,0,0,0
"OMNR_LOA_IA25_NSE_11_317_2","OMNR_LOA_IA25_NSE_11","Ontario","OMNR","Largemouth bass",317,"",1,194,107.86,"D","","2","M","1",NA,NA,0,0,0,0,0,0,0,0,0
"OMNR_LOA_IA25_NSE_11_334_1","OMNR_LOA_IA25_NSE_11","Ontario","OMNR","Walleye",334,"",1,413,612.4,"D","","2A","M","2",NA,NA,0,0,0,0,0,0,0,0,0
"OMNR_LOA_IA25_NSE_13_334_1","OMNR_LOA_IA25_NSE_13","Ontario","OMNR","Walleye",334,"",1,476,841.43,"D","","2A","F","2",NA,NA,0,0,0,0,0,0,0,0,0
"OMNR_LOA_IA25_NSE_14_131_1","OMNR_LOA_IA25_NSE_14","Ontario","OMNR","Northern pike",131,"",1,580,1160.85,"D","","28D","F","2",NA,NA,0,0,0,0,0,0,0,0,0
"OMNR_LOA_IA25_NSE_14_317_1","OMNR_LOA_IA25_NSE_14","Ontario","OMNR","Largemouth bass",317,"",1,266,337.38,"D","","2","F","1",NA,NA,0,0,0,0,0,0,0,0,0
"OMNR_LOA_IA25_NSE_15_317_1","OMNR_LOA_IA25_NSE_15","Ontario","OMNR","Largemouth bass",317,"",1,231,222.5,"D","","2","M","1",NA,NA,0,0,0,0,0,0,0,0,0
"OMNR_LOA_IA25_NSE_16_334_1","OMNR_LOA_IA25_NSE_16","Ontario","OMNR","Walleye",334,"",1,400,550.09,"D","","2A","F","1",NA,NA,0,0,0,0,0,0,0,0,0
"OMNR_LOA_IA25_NSE_16_334_10","OMNR_LOA_IA25_NSE_16","Ontario","OMNR","Walleye",334,"",1,410,581.94,"D","","2A","F","2",NA,NA,0,0,0,0,0,0,0,0,0
"OMNR_LOA_IA25_NSE_16_334_2","OMNR_LOA_IA25_NSE_16","Ontario","OMNR","Walleye",334,"",1,513,1265.09,"D","","2A","F","2",NA,NA,0,0,0,0,0,0,0,0,0
"OMNR_LOA_IA25_NSE_16_334_3","OMNR_LOA_IA25_NSE_16","Ontario","OMNR","Walleye",334,"",1,425,691.92,"D","","2A","F","2",NA,NA,0,0,0,0,0,0,0,0,0
"OMNR_LOA_IA25_NSE_16_334_4","OMNR_LOA_IA25_NSE_16","Ontario","OMNR","Walleye",334,"",1,372,442.22,"D","","2A","M","1",NA,NA,0,0,0,0,0,0,0,0,0
"OMNR_LOA_IA25_NSE_16_334_5","OMNR_LOA_IA25_NSE_16","Ontario","OMNR","Walleye",334,"",1,373,475.69,"D","","2A","M","1",NA,NA,0,0,0,0,0,0,0,0,0
"OMNR_LOA_IA25_NSE_16_334_6","OMNR_LOA_IA25_NSE_16","Ontario","OMNR","Walleye",334,"",1,390,530.54,"D","","2A","F","1",NA,NA,0,0,0,0,0,0,0,0,0
"OMNR_LOA_IA25_NSE_16_334_7","OMNR_LOA_IA25_NSE_16","Ontario","OMNR","Walleye",334,"",1,383,450.7,"D","","2A","F","1",NA,NA,0,0,0,0,0,0,0,0,0
"OMNR_LOA_IA25_NSE_16_334_8","OMNR_LOA_IA25_NSE_16","Ontario","OMNR","Walleye",334,"",1,445,733.92,"D","","2A","F","2",NA,NA,0,0,0,0,0,0,0,0,0
"OMNR_LOA_IA25_NSE_16_334_9","OMNR_LOA_IA25_NSE_16","Ontario","OMNR","Walleye",334,"",1,376,417.94,"D","","2A","M","1",NA,NA,0,0,0,0,0,0,0,0,0
"OMNR_LOA_IA25_NSE_2_131_1","OMNR_LOA_IA25_NSE_2","Ontario","OMNR","Northern pike",131,"",1,601,1052.02,"D","","28D","F","2",NA,NA,0,0,0,0,0,0,0,0,0
"OMNR_LOA_IA25_NSE_2_317_1","OMNR_LOA_IA25_NSE_2","Ontario","OMNR","Largemouth bass",317,"",1,338,659.56,"D","","2","M","2",NA,NA,0,0,0,0,0,0,0,0,0
"OMNR_LOA_IA25_NSE_2_317_2","OMNR_LOA_IA25_NSE_2","Ontario","OMNR","Largemouth bass",317,"",1,257,265.25,"D","","2","M","2",NA,NA,0,0,0,0,0,0,0,0,0
"OMNR_LOA_IA25_NSE_2_317_3","OMNR_LOA_IA25_NSE_2","Ontario","OMNR","Largemouth bass",317,"",1,265,294.9,"D","","2","F","2",NA,NA,0,0,0,0,0,0,0,0,0
"OMNR_LOA_IA25_NSE_2_334_1","OMNR_LOA_IA25_NSE_2","Ontario","OMNR","Walleye",334,"",1,391,534.75,"D","","2A","F","2",NA,NA,0,0,0,0,0,0,0,0,0
"OMNR_LOA_IA25_NSE_3_317_1","OMNR_LOA_IA25_NSE_3","Ontario","OMNR","Largemouth bass",317,"",1,286,419.79,"D","","2","F","2",NA,NA,0,0,0,0,0,0,0,0,0
"OMNR_LOA_IA25_NSE_3_334_1","OMNR_LOA_IA25_NSE_3","Ontario","OMNR","Walleye",334,"",1,395,526.04,"D","","2A","F","2",NA,NA,0,0,0,0,0,0,0,0,0
"OMNR_LOA_IA25_NSE_3_334_2","OMNR_LOA_IA25_NSE_3","Ontario","OMNR","Walleye",334,"",1,425,670.75,"D","","2A","F","2",NA,NA,0,0,0,0,0,0,0,0,0
"OMNR_LOA_IA25_NSE_4_131_1","OMNR_LOA_IA25_NSE_4","Ontario","OMNR","Northern pike",131,"",1,660,1576.42,"D","","28D","F","2",NA,NA,0,0,0,0,0,0,0,0,0
"OMNR_LOA_IA25_NSE_4_131_2","OMNR_LOA_IA25_NSE_4","Ontario","OMNR","Northern pike",131,"",1,530,400.86,"D","","28D","F","1",NA,NA,0,0,0,0,0,0,0,0,0
"OMNR_LOA_IA25_NSE_4_317_1","OMNR_LOA_IA25_NSE_4","Ontario","OMNR","Largemouth bass",317,"",1,234,198.38,"D","","2","M","2",NA,NA,0,0,0,0,0,0,0,0,0
"OMNR_LOA_IA25_NSE_4_317_2","OMNR_LOA_IA25_NSE_4","Ontario","OMNR","Largemouth bass",317,"",1,202,130.67,"D","","2","M","1",NA,NA,0,0,0,0,0,0,0,0,0
"OMNR_LOA_IA25_NSE_4_334_1","OMNR_LOA_IA25_NSE_4","Ontario","OMNR","Walleye",334,"",1,555,1359.24,"D","","2A","F","2",NA,NA,0,0,0,0,0,0,0,0,0
"OMNR_LOA_IA25_NSE_4_334_2","OMNR_LOA_IA25_NSE_4","Ontario","OMNR","Walleye",334,"",1,448,722.25,"D","","2A","F","1",NA,NA,0,0,0,0,0,0,0,0,0
"OMNR_LOA_IA25_NSE_4_334_3","OMNR_LOA_IA25_NSE_4","Ontario","OMNR","Walleye",334,"",1,396,568.5,"D","","2A","F","1",NA,NA,0,0,0,0,0,0,0,0,0
"OMNR_LOA_IA25_NSE_4_334_4","OMNR_LOA_IA25_NSE_4","Ontario","OMNR","Walleye",334,"",1,344,350.77,"D","","2A","M","1",NA,NA,0,0,0,0,0,0,0,0,0
"OMNR_LOA_IA25_NSE_5_317_1","OMNR_LOA_IA25_NSE_5","Ontario","OMNR","Largemouth bass",317,"",1,219,146.68,"D","","2","M","2",NA,NA,0,0,0,0,0,0,0,0,0
"OMNR_LOA_IA25_NSE_5_317_2","OMNR_LOA_IA25_NSE_5","Ontario","OMNR","Largemouth bass",317,"",1,212,149.97,"D","","2","M","2",NA,NA,0,0,0,0,0,0,0,0,0
"OMNR_LOA_IA25_NSE_5_317_3","OMNR_LOA_IA25_NSE_5","Ontario","OMNR","Largemouth bass",317,"",1,206,137.55,"D","","2","F","2",NA,NA,0,0,0,0,0,0,0,0,0
"OMNR_LOA_IA25_NSE_5_317_4","OMNR_LOA_IA25_NSE_5","Ontario","OMNR","Largemouth bass",317,"",1,176,79.5,"D","","2","F","2",NA,NA,0,0,0,0,0,0,0,0,0
"OMNR_LOA_IA25_NSE_5_317_5","OMNR_LOA_IA25_NSE_5","Ontario","OMNR","Largemouth bass",317,"",1,274,338.33,"D","","2","M","2",NA,NA,0,0,0,0,0,0,0,0,0
"OMNR_LOA_IA25_NSE_5_317_6","OMNR_LOA_IA25_NSE_5","Ontario","OMNR","Largemouth bass",317,"",1,182,78.79,"D","","2","F","2",NA,NA,0,0,0,0,0,0,0,0,0
"OMNR_LOA_IA25_NSE_5_317_7","OMNR_LOA_IA25_NSE_5","Ontario","OMNR","Largemouth bass",317,"",1,262,286.29,"D","","2","M","2",NA,NA,0,0,0,0,0,0,0,0,0
"OMNR_LOA_IA25_NSE_5_334_1","OMNR_LOA_IA25_NSE_5","Ontario","OMNR","Walleye",334,"",1,213,79.57,"D","","2A","M","1",NA,NA,0,0,0,0,0,0,0,0,0
"OMNR_LOA_IA25_NSE_5_334_2","OMNR_LOA_IA25_NSE_5","Ontario","OMNR","Walleye",334,"",1,512,1187.53,"D","","2A","F","2",NA,NA,0,0,0,0,0,0,0,0,0
"OMNR_LOA_IA25_NSE_5_334_3","OMNR_LOA_IA25_NSE_5","Ontario","OMNR","Walleye",334,"",1,358,447.82,"D","","2A","M","2",NA,NA,0,0,0,0,0,0,0,0,0
"OMNR_LOA_IA25_NSE_5_334_4","OMNR_LOA_IA25_NSE_5","Ontario","OMNR","Walleye",334,"",1,363,427.3,"D","","2A","M","2",NA,NA,0,0,0,0,0,0,0,0,0
"OMNR_LOA_IA25_NSE_6_131_1","OMNR_LOA_IA25_NSE_6","Ontario","OMNR","Northern pike",131,"",1,553,776.61,"D","","28D","F","2",NA,NA,0,0,0,0,0,0,0,0,0
"OMNR_LOA_IA25_NSE_6_317_1","OMNR_LOA_IA25_NSE_6","Ontario","OMNR","Largemouth bass",317,"",1,209,140.48,"D","","2","F","2",NA,NA,0,0,0,0,0,0,0,0,0
"OMNR_LOA_IA25_NSE_6_334_1","OMNR_LOA_IA25_NSE_6","Ontario","OMNR","Walleye",334,"",1,442,811.88,"D","","2A","F","2",NA,NA,0,0,0,0,0,0,0,0,0
"OMNR_LOA_IA25_NSE_6_334_2","OMNR_LOA_IA25_NSE_6","Ontario","OMNR","Walleye",334,"",1,459,841.88,"D","","2A","F","2",NA,NA,0,0,0,0,0,0,0,0,0
"OMNR_LOA_IA25_NSE_8_131_1","OMNR_LOA_IA25_NSE_8","Ontario","OMNR","Northern pike",131,"",1,565,732.95,"D","","28D","M","2",NA,NA,0,0,0,0,0,0,0,0,0
"OMNR_LOA_IA25_NSE_8_131_2","OMNR_LOA_IA25_NSE_8","Ontario","OMNR","Northern pike",131,"",1,622,907.64,"D","","28D","M","2",NA,NA,0,0,0,0,0,0,0,0,0
"OMNR_LOA_IA25_NSE_8_131_3","OMNR_LOA_IA25_NSE_8","Ontario","OMNR","Northern pike",131,"",1,541,882.48,"D","","28D","M","2",NA,NA,0,0,0,0,0,0,0,0,0
"OMNR_LOA_IA25_NSE_8_334_1","OMNR_LOA_IA25_NSE_8","Ontario","OMNR","Walleye",334,"",1,481,957.01,"D","","2A","M","2",NA,NA,0,0,0,0,0,0,0,0,0
"OMNR_LOA_IA25_NSE_9_131_1","OMNR_LOA_IA25_NSE_9","Ontario","OMNR","Northern pike",131,"",1,607,955.34,"D","","28D","M","2",NA,NA,0,0,0,0,0,0,0,0,0
"OMNR_LOA_IA25_NSH_1_334_1","OMNR_LOA_IA25_NSH_1","Ontario","OMNR","Walleye",334,"",1,615,2542.47,"D","","2A","M","2","0",NA,0,0,0,0,0,0,0,0,0
"OMNR_LOA_IA25_NSH_1_334_2","OMNR_LOA_IA25_NSH_1","Ontario","OMNR","Walleye",334,"",1,625,2937.44,"D","","2A","M","2","0",NA,0,0,0,0,0,0,0,0,0
"OMNR_LOA_IA25_NSH_1_334_3","OMNR_LOA_IA25_NSH_1","Ontario","OMNR","Walleye",334,"",1,662,2723.97,"D","","2A","M","2","0",NA,0,0,0,0,0,0,0,0,0
"OMNR_LOA_IA25_NSH_1_334_4","OMNR_LOA_IA25_NSH_1","Ontario","OMNR","Walleye",334,"",1,537,1848.3,"D","","2A","M","2","0",NA,0,0,0,0,0,0,0,0,0
"OMNR_LOA_IA25_NSH_1_334_5","OMNR_LOA_IA25_NSH_1","Ontario","OMNR","Walleye",334,"",1,685,3723.23,"D","","2A","F","2","0",NA,0,0,0,0,0,0,0,0,0
"OMNR_LOA_IA25_NSH_10_334_1","OMNR_LOA_IA25_NSH_10","Ontario","OMNR","Walleye",334,"",1,699,3887.7,"D","","2A","F","2","0",NA,0,0,0,0,0,0,0,0,0
"OMNR_LOA_IA25_NSH_13_334_1","OMNR_LOA_IA25_NSH_13","Ontario","OMNR","Walleye",334,"",1,517,1598.6,"D","","2A","M","2",NA,NA,0,0,0,0,0,0,0,0,0
"OMNR_LOA_IA25_NSH_14_317_1","OMNR_LOA_IA25_NSH_14","Ontario","OMNR","Largemouth bass",317,"",1,135,35.74,"D","","2","F","9",NA,NA,0,0,0,0,0,0,0,0,0
"OMNR_LOA_IA25_NSH_15_317_1","OMNR_LOA_IA25_NSH_15","Ontario","OMNR","Largemouth bass",317,"",1,137,37.96,"D","","2","F","9",NA,NA,0,0,0,0,0,0,0,0,0
"OMNR_LOA_IA25_NSH_15_317_2","OMNR_LOA_IA25_NSH_15","Ontario","OMNR","Largemouth bass",317,"",1,133,34.7,"D","","2","M","1",NA,NA,0,0,0,0,0,0,0,0,0
"OMNR_LOA_IA25_NSH_16_131_1","OMNR_LOA_IA25_NSH_16","Ontario","OMNR","Northern pike",131,"",1,754,2614.53,"D","","28D","F","2",NA,NA,0,0,0,0,0,0,0,0,0
"OMNR_LOA_IA25_NSH_16_131_2","OMNR_LOA_IA25_NSH_16","Ontario","OMNR","Northern pike",131,"",1,885,4419.72,"D","","28D","F","2",NA,NA,0,0,0,0,0,0,0,0,0
"OMNR_LOA_IA25_NSH_17_317_1","OMNR_LOA_IA25_NSH_17","Ontario","OMNR","Largemouth bass",317,"",1,246,248.81,"D","","2","M","2",NA,NA,0,0,0,0,0,0,0,0,0
"OMNR_LOA_IA25_NSH_18_317_1","OMNR_LOA_IA25_NSH_18","Ontario","OMNR","Largemouth bass",317,"",1,151,48.46,"D","","2","M","1",NA,NA,0,0,0,0,0,0,0,0,0
"OMNR_LOA_IA25_NSH_18_317_2","OMNR_LOA_IA25_NSH_18","Ontario","OMNR","Largemouth bass",317,"",1,150,50.08,"D","","2","F","1",NA,NA,0,0,0,0,0,0,0,0,0
"OMNR_LOA_IA25_NSH_18_317_3","OMNR_LOA_IA25_NSH_18","Ontario","OMNR","Largemouth bass",317,"",1,141,35.53,"D","","2","F","1",NA,NA,0,0,0,0,0,0,0,0,0
"OMNR_LOA_IA25_NSH_18_334_1","OMNR_LOA_IA25_NSH_18","Ontario","OMNR","Walleye",334,"",1,498,1169.57,"D","","2A","F","2","0",NA,0,0,0,0,0,0,0,0,0
"OMNR_LOA_IA25_NSH_18_334_2","OMNR_LOA_IA25_NSH_18","Ontario","OMNR","Walleye",334,"",1,568,2118.87,"D","","2A","F","2","0",NA,0,0,0,0,0,0,0,0,0
"OMNR_LOA_IA25_NSH_19_131_1","OMNR_LOA_IA25_NSH_19","Ontario","OMNR","Northern pike",131,"",1,711,2170,"D","","8",NA,NA,NA,NA,0,0,0,0,0,0,0,0,0
"OMNR_LOA_IA25_NSH_19_334_1","OMNR_LOA_IA25_NSH_19","Ontario","OMNR","Walleye",334,"",1,641,3163.32,"D","","2A","F","2","0",NA,0,0,0,0,0,0,0,0,0
"OMNR_LOA_IA25_NSH_2_317_1","OMNR_LOA_IA25_NSH_2","Ontario","OMNR","Largemouth bass",317,"",1,154,62.06,"D","","2","M","1",NA,NA,0,0,0,0,0,0,0,0,0
"OMNR_LOA_IA25_NSH_2_334_1","OMNR_LOA_IA25_NSH_2","Ontario","OMNR","Walleye",334,"",1,663,3782.7,"D","","2A","F","2","0",NA,0,0,0,0,0,0,0,0,0
"OMNR_LOA_IA25_NSH_2_334_2","OMNR_LOA_IA25_NSH_2","Ontario","OMNR","Walleye",334,"",1,625,2834.93,"D","","2A","M","2","0",NA,0,0,0,0,0,0,0,0,0
"OMNR_LOA_IA25_NSH_2_334_3","OMNR_LOA_IA25_NSH_2","Ontario","OMNR","Walleye",334,"",1,638,2835.54,"D","","2A","M","2","0",NA,0,0,0,0,0,0,0,0,0
"OMNR_LOA_IA25_NSH_20_334_1","OMNR_LOA_IA25_NSH_20","Ontario","OMNR","Walleye",334,"",1,609,2689.75,"D","","2A","M","2","0",NA,0,0,0,0,0,0,0,0,0
"OMNR_LOA_IA25_NSH_20_334_2","OMNR_LOA_IA25_NSH_20","Ontario","OMNR","Walleye",334,"",1,604,3673.66,"D","","2A","F","2","0",NA,0,0,0,0,0,0,0,0,0
"OMNR_LOA_IA25_NSH_20_334_3","OMNR_LOA_IA25_NSH_20","Ontario","OMNR","Walleye",334,"",1,603,2766.26,"D","","2A","F","2","0",NA,0,0,0,0,0,0,0,0,0
"OMNR_LOA_IA25_NSH_21_317_1","OMNR_LOA_IA25_NSH_21","Ontario","OMNR","Largemouth bass",317,"",1,210,152.9,"D","","2","F","1",NA,NA,0,0,0,0,0,0,0,0,0
"OMNR_LOA_IA25_NSH_21_334_1","OMNR_LOA_IA25_NSH_21","Ontario","OMNR","Walleye",334,"",1,602,2451.97,"D","","2A","M","2","0",NA,0,0,0,0,0,0,0,0,0
"OMNR_LOA_IA25_NSH_22_317_1","OMNR_LOA_IA25_NSH_22","Ontario","OMNR","Largemouth bass",317,"",1,197,140.11,"D","","2","F","2",NA,NA,0,0,0,0,0,0,0,0,0
"OMNR_LOA_IA25_NSH_23_316_1","OMNR_LOA_IA25_NSH_23","Ontario","OMNR","Smallmouth bass",316,"",1,408,1329.23,"D","","2","M","2","0",NA,0,0,0,0,0,0,0,0,0
"OMNR_LOA_IA25_NSH_24_334_1","OMNR_LOA_IA25_NSH_24","Ontario","OMNR","Walleye",334,"",1,615,2876.08,"D","","2A","F","2","0",NA,0,0,0,0,0,0,0,0,0
"OMNR_LOA_IA25_NSH_3_334_1","OMNR_LOA_IA25_NSH_3","Ontario","OMNR","Walleye",334,"",1,600,2293.91,"D","","2A","M","2","0",NA,0,0,0,0,0,0,0,0,0
"OMNR_LOA_IA25_NSH_6_131_1","OMNR_LOA_IA25_NSH_6","Ontario","OMNR","Northern pike",131,"",1,646.41865,1450,"D","","8",NA,NA,NA,NA,0,0,0,0,0,0,0,0,0
"OMNR_LOA_IA25_NSH_6_131_2","OMNR_LOA_IA25_NSH_6","Ontario","OMNR","Northern pike",131,"",1,793,3660.63,"D","","28D","F","2","0",NA,0,0,0,0,0,0,0,0,0
"OMNR_LOA_IA25_NSH_7_334_1","OMNR_LOA_IA25_NSH_7","Ontario","OMNR","Walleye",334,"",1,322,283.6,"D","","2A","F","1","0",NA,0,0,0,0,0,0,0,0,0
"OMNR_LOA_IA25_NSH_7_334_2","OMNR_LOA_IA25_NSH_7","Ontario","OMNR","Walleye",334,"",1,606,2467.26,"D","","2A","F","2","0",NA,0,0,0,0,0,0,0,0,0
"OMNR_LOA_IA25_NSH_8_077_1","OMNR_LOA_IA25_NSH_8","Ontario","OMNR","Atlantic salmon",77,"",1,530.04531,1370,"D","",NA,"M",NA,"5",NA,0,0,0,0,0,0,0,0,0
"OMNR_LOA_IA25_NSH_9_334_1","OMNR_LOA_IA25_NSH_9","Ontario","OMNR","Walleye",334,"",1,627,2855.29,"D","","3A","M","2","0",NA,0,0,0,0,0,0,0,0,0
"OMNR_LOA_IA25_NSW_1_317_1","OMNR_LOA_IA25_NSW_1","Ontario","OMNR","Largemouth bass",317,"",1,165,60.1,"D","","2","F","1",NA,NA,0,0,0,0,0,0,0,0,0
"OMNR_LOA_IA25_NSW_10_317_1","OMNR_LOA_IA25_NSW_10","Ontario","OMNR","Largemouth bass",317,"",1,142,37.14,"D","","2","M","1",NA,NA,0,0,0,0,0,0,0,0,0
"OMNR_LOA_IA25_NSW_10_317_2","OMNR_LOA_IA25_NSW_10","Ontario","OMNR","Largemouth bass",317,"",1,192,103.68,"D","","2","F","2",NA,NA,0,0,0,0,0,0,0,0,0
"OMNR_LOA_IA25_NSW_10_317_3","OMNR_LOA_IA25_NSW_10","Ontario","OMNR","Largemouth bass",317,"",1,267,296.99,"D","","2","F","2",NA,NA,0,0,0,0,0,0,0,0,0
"OMNR_LOA_IA25_NSW_10_317_4","OMNR_LOA_IA25_NSW_10","Ontario","OMNR","Largemouth bass",317,"",1,206,134.78,"D","","2","M","1",NA,NA,0,0,0,0,0,0,0,0,0
"OMNR_LOA_IA25_NSW_10_317_5","OMNR_LOA_IA25_NSW_10","Ontario","OMNR","Largemouth bass",317,"",1,245,221.84,"D","","2","F","2",NA,NA,0,0,0,0,0,0,0,0,0
"OMNR_LOA_IA25_NSW_11_317_1","OMNR_LOA_IA25_NSW_11","Ontario","OMNR","Largemouth bass",317,"",1,214,147.89,"D","","2","F","2",NA,NA,0,0,0,0,0,0,0,0,0
"OMNR_LOA_IA25_NSW_11_334_1","OMNR_LOA_IA25_NSW_11","Ontario","OMNR","Walleye",334,"",1,238,112.91,"D","","2A","M","1","0",NA,0,0,0,0,0,0,0,0,0
"OMNR_LOA_IA25_NSW_11_334_2","OMNR_LOA_IA25_NSW_11","Ontario","OMNR","Walleye",334,"",1,247,115.08,"D","","2A","M","1","0",NA,0,0,0,0,0,0,0,0,0
"OMNR_LOA_IA25_NSW_11_334_3","OMNR_LOA_IA25_NSW_11","Ontario","OMNR","Walleye",334,"",1,287,209.77,"D","","2A","M","1","0",NA,0,0,0,0,0,0,0,0,0
"OMNR_LOA_IA25_NSW_13_131_1","OMNR_LOA_IA25_NSW_13","Ontario","OMNR","Northern pike",131,"",1,721,1998.07,"D","","28D","F","2",NA,NA,0,0,0,0,0,0,0,0,0
"OMNR_LOA_IA25_NSW_14_317_1","OMNR_LOA_IA25_NSW_14","Ontario","OMNR","Largemouth bass",317,"",1,174,70.95,"D","","2","M","1",NA,NA,0,0,0,0,0,0,0,0,0
"OMNR_LOA_IA25_NSW_14_317_2","OMNR_LOA_IA25_NSW_14","Ontario","OMNR","Largemouth bass",317,"",1,210,139.9,"D","","2","M","1",NA,NA,0,0,0,0,0,0,0,0,0
"OMNR_LOA_IA25_NSW_14_317_3","OMNR_LOA_IA25_NSW_14","Ontario","OMNR","Largemouth bass",317,"",1,235,193.76,"D","","2","M","1",NA,NA,0,0,0,0,0,0,0,0,0
"OMNR_LOA_IA25_NSW_15_334_1","OMNR_LOA_IA25_NSW_15","Ontario","OMNR","Walleye",334,"",1,238,100.1,"D","","2A","M","1","0",NA,0,0,0,0,0,0,0,0,0
"OMNR_LOA_IA25_NSW_16_317_1","OMNR_LOA_IA25_NSW_16","Ontario","OMNR","Largemouth bass",317,"",1,277,305.03,"D","","2","F","2",NA,NA,0,0,0,0,0,0,0,0,0
"OMNR_LOA_IA25_NSW_16_334_1","OMNR_LOA_IA25_NSW_16","Ontario","OMNR","Walleye",334,"",1,423,599.29,"D","","2A","F","2","0",NA,0,0,0,0,0,0,0,0,0
"OMNR_LOA_IA25_NSW_16_334_2","OMNR_LOA_IA25_NSW_16","Ontario","OMNR","Walleye",334,"",1,425,776.31,"D","","2A","F","2","0",NA,0,0,0,0,0,0,0,0,0
"OMNR_LOA_IA25_NSW_17_317_1","OMNR_LOA_IA25_NSW_17","Ontario","OMNR","Largemouth bass",317,"",1,353,689.24,"D","","2","F","2",NA,NA,0,0,0,0,0,0,0,0,0
"OMNR_LOA_IA25_NSW_18_131_1","OMNR_LOA_IA25_NSW_18","Ontario","OMNR","Northern pike",131,"",1,640,1422.28,"D","","28D","F","2",NA,NA,0,0,0,0,0,0,0,0,0
"OMNR_LOA_IA25_NSW_18_317_1","OMNR_LOA_IA25_NSW_18","Ontario","OMNR","Largemouth bass",317,"",1,289,357.37,"D","","2","F","2",NA,NA,0,0,0,0,0,0,0,0,0
"OMNR_LOA_IA25_NSW_18_334_1","OMNR_LOA_IA25_NSW_18","Ontario","OMNR","Walleye",334,"",1,227,93.93,"D","","2A","F","1","0",NA,0,0,0,0,0,0,0,0,0
"OMNR_LOA_IA25_NSW_18_334_2","OMNR_LOA_IA25_NSW_18","Ontario","OMNR","Walleye",334,"",1,256,136.3,"D","","2A","F","1","0",NA,0,0,0,0,0,0,0,0,0
"OMNR_LOA_IA25_NSW_18_334_3","OMNR_LOA_IA25_NSW_18","Ontario","OMNR","Walleye",334,"",1,350,373.96,"D","","2A","M","1","0",NA,0,0,0,0,0,0,0,0,0
"OMNR_LOA_IA25_NSW_2_317_1","OMNR_LOA_IA25_NSW_2","Ontario","OMNR","Largemouth bass",317,"",1,211,141.88,"D","","2","F","1",NA,NA,0,0,0,0,0,0,0,0,0
"OMNR_LOA_IA25_NSW_2_317_2","OMNR_LOA_IA25_NSW_2","Ontario","OMNR","Largemouth bass",317,"",1,205,149.39,"D","","2","M","1",NA,NA,0,0,0,0,0,0,0,0,0
"OMNR_LOA_IA25_NSW_2_317_3","OMNR_LOA_IA25_NSW_2","Ontario","OMNR","Largemouth bass",317,"",1,176,73.81,"D","","2","M","1",NA,NA,0,0,0,0,0,0,0,0,0
"OMNR_LOA_IA25_NSW_2_317_4","OMNR_LOA_IA25_NSW_2","Ontario","OMNR","Largemouth bass",317,"",1,159,54.92,"D","","2","M","1",NA,NA,0,0,0,0,0,0,0,0,0
"OMNR_LOA_IA25_NSW_2_317_5","OMNR_LOA_IA25_NSW_2","Ontario","OMNR","Largemouth bass",317,"",1,151,48.57,"D","","2","F","1",NA,NA,0,0,0,0,0,0,0,0,0
"OMNR_LOA_IA25_NSW_2_334_1","OMNR_LOA_IA25_NSW_2","Ontario","OMNR","Walleye",334,"",1,244,107.44,"D","","2A","F","1","0",NA,0,0,0,0,0,0,0,0,0
"OMNR_LOA_IA25_NSW_20_317_1","OMNR_LOA_IA25_NSW_20","Ontario","OMNR","Largemouth bass",317,"",1,187,97.53,"D","","2","F","1",NA,NA,0,0,0,0,0,0,0,0,0
"OMNR_LOA_IA25_NSW_21_131_1","OMNR_LOA_IA25_NSW_21","Ontario","OMNR","Northern pike",131,"",1,641,1483.55,"D","","28D","F","2",NA,NA,0,0,0,0,0,0,0,0,0
"OMNR_LOA_IA25_NSW_21_334_1","OMNR_LOA_IA25_NSW_21","Ontario","OMNR","Walleye",334,"",1,428,679.15,"D","","2A","F","2","0",NA,0,0,0,0,0,0,0,0,0
"OMNR_LOA_IA25_NSW_21_334_2","OMNR_LOA_IA25_NSW_21","Ontario","OMNR","Walleye",334,"",1,283,187.66,"D","","2A","M","1","0",NA,0,0,0,0,0,0,0,0,0
"OMNR_LOA_IA25_NSW_22_334_1","OMNR_LOA_IA25_NSW_22","Ontario","OMNR","Walleye",334,"",1,256,133.72,"D","","2A","M","1","0",NA,0,0,0,0,0,0,0,0,0
"OMNR_LOA_IA25_NSW_23_334_1","OMNR_LOA_IA25_NSW_23","Ontario","OMNR","Walleye",334,"",1,536,1384.32,"D","","2A","F","2","0",NA,0,0,0,0,0,0,0,0,0
"OMNR_LOA_IA25_NSW_24_131_1","OMNR_LOA_IA25_NSW_24","Ontario","OMNR","Northern pike",131,"",1,687,2054.54,"D","","28D","F","2",NA,NA,0,0,0,0,0,0,0,0,0
"OMNR_LOA_IA25_NSW_3_317_1","OMNR_LOA_IA25_NSW_3","Ontario","OMNR","Largemouth bass",317,"",1,294,396.29,"D","","2","M","2",NA,NA,0,0,0,0,0,0,0,0,0
"OMNR_LOA_IA25_NSW_3_317_2","OMNR_LOA_IA25_NSW_3","Ontario","OMNR","Largemouth bass",317,"",1,245,222.29,"D","","2","F","1",NA,NA,0,0,0,0,0,0,0,0,0
"OMNR_LOA_IA25_NSW_3_317_3","OMNR_LOA_IA25_NSW_3","Ontario","OMNR","Largemouth bass",317,"",1,196,104.21,"D","","2","F","1",NA,NA,0,0,0,0,0,0,0,0,0
"OMNR_LOA_IA25_NSW_3_334_1","OMNR_LOA_IA25_NSW_3","Ontario","OMNR","Walleye",334,"",1,471,920.08,"D","","2A","F","2","0",NA,0,0,0,0,0,0,0,0,0
"OMNR_LOA_IA25_NSW_4_131_1","OMNR_LOA_IA25_NSW_4","Ontario","OMNR","Northern pike",131,"",1,635,1201.57,"D","","28D","F","2",NA,NA,0,0,0,0,0,0,0,0,0
"OMNR_LOA_IA25_NSW_4_317_1","OMNR_LOA_IA25_NSW_4","Ontario","OMNR","Largemouth bass",317,"",1,256,256.89,"D","","2","F","1",NA,NA,0,0,0,0,0,0,0,0,0
"OMNR_LOA_IA25_NSW_4_317_2","OMNR_LOA_IA25_NSW_4","Ontario","OMNR","Largemouth bass",317,"",1,223,159.1,"D","",NA,"M","1",NA,NA,0,0,0,0,0,0,0,0,0
"OMNR_LOA_IA25_NSW_4_334_1","OMNR_LOA_IA25_NSW_4","Ontario","OMNR","Walleye",334,"",1,340,319.89,"D","","2A","M","1","0",NA,0,0,0,0,0,0,0,0,0
"OMNR_LOA_IA25_NSW_4_334_2","OMNR_LOA_IA25_NSW_4","Ontario","OMNR","Walleye",334,"",1,301,233.41,"D","","2A","F","1","0",NA,0,0,0,0,0,0,0,0,0
"OMNR_LOA_IA25_NSW_4_334_3","OMNR_LOA_IA25_NSW_4","Ontario","OMNR","Walleye",334,"",1,217,76.47,"D","","2A","M","1","0",NA,0,0,0,0,0,0,0,0,0
"OMNR_LOA_IA25_NSW_6_317_1","OMNR_LOA_IA25_NSW_6","Ontario","OMNR","Largemouth bass",317,"",1,223,176.28,"D","","2","M","1",NA,NA,0,0,0,0,0,0,0,0,0
"OMNR_LOA_IA25_NSW_7_317_1","OMNR_LOA_IA25_NSW_7","Ontario","OMNR","Largemouth bass",317,"",1,190,94.62,"D","","2","F","1",NA,NA,0,0,0,0,0,0,0,0,0
"OMNR_LOA_IA25_NSW_7_334_1","OMNR_LOA_IA25_NSW_7","Ontario","OMNR","Walleye",334,"",1,380,472.11,"D","","2A","F","1","0",NA,0,0,0,0,0,0,0,0,0
"OMNR_LOA_IA25_NSW_8_317_1","OMNR_LOA_IA25_NSW_8","Ontario","OMNR","Largemouth bass",317,"",1,281,356.49,"D","","2","F","2",NA,NA,0,0,0,0,0,0,0,0,0
"OMNR_LOA_IA25_NSW_8_317_2","OMNR_LOA_IA25_NSW_8","Ontario","OMNR","Largemouth bass",317,"",1,381,912.08,"D","","2","F","2",NA,NA,0,0,0,0,0,0,0,0,0
"OMNR_LOA_IA25_NSW_9_131_1","OMNR_LOA_IA25_NSW_9","Ontario","OMNR","Northern pike",131,"",1,563,806.8,"D","","28D","M","2",NA,NA,0,0,0,0,0,0,0,0,0
"OMNR_LOA_IA25_NSW_9_317_1","OMNR_LOA_IA25_NSW_9","Ontario","OMNR","Largemouth bass",317,"",1,184,84.01,"D","","2","M","1",NA,NA,0,0,0,0,0,0,0,0,0
"OMNR_LOA_IA25_NSW_9_317_2","OMNR_LOA_IA25_NSW_9","Ontario","OMNR","Largemouth bass",317,"",1,177,74.9,"D","","2","M","1",NA,NA,0,0,0,0,0,0,0,0,0
"OMNR_LOA_IA25_NSW_9_334_1","OMNR_LOA_IA25_NSW_9","Ontario","OMNR","Walleye",334,"",1,396,561.53,"D","","2A","F","2","0",NA,0,0,0,0,0,0,0,0,0
